#CODE;ENGLISH;FRENCH;GERMAN;;SPANISH;;;;;;;;;x
add_redkeep;Add Red Keep;;;;;;;;;;;;;x
add_redkeep_desc;Add the Red Keep to King's Landing.;;;;;;;;;;;;;x
add_iron_throne;Add Iron Throne;;;;;;;;;;;;;x
add_iron_throne_desc;Add the Iron Throne to the Red Keep.;;;;;;;;;;;;;x
add_balerion_skull;Add Balerion's Skull;;;;;;;;;;;;;x
add_balerion_skull_desc;Add Balerion's Skull to the Red Keep.;;;;;;;;;;;;;x
add_balerion_skull2;Add Balerion's Skull;;;;;;;;;;;;;x
add_balerion_skull2_desc;Move Balerion's Skull from the Dungeon back to the Red Keep.;;;;;;;;;;;;;x
remove_balerion_skull;Remove Balerion's Skull;;;;;;;;;;;;;x
remove_balerion_skull_desc;Remove Balerion's Skull to the dungeons beneath the Red Keep.;;;;;;;;;;;;;x
ca_redkeep;Red Keep;;;;;;;;;;;;;x
ca_redkeep_desc;The Great Keep of King's Landing, standing tall and strong on the Eastern hill, looking out over the waters of Blackwater Bay.;;;;;;;;;;;;;x
ca_iron_throne;Iron Throne;;;;;;;;;;;;;x
ca_iron_throne_desc;The Iron Throne, crafted from a thousand swords of the enemy, sharp and uncomfortable because a king should never sit easy.;;;;;;;;;;;;;x
ca_balerion_skull;Balerion's Black Skull;;;;;;;;;;;;;x
ca_balerion_skull_desc;The Skull of the Black Dread, forger of the Iron Throne, hanging in the Red Keep.;;;;;;;;;;;;;x
ca_balerion_skull2;Balerion's Black Skull;;;;;;;;;;;;;x
ca_balerion_skull2_desc;The Great skull has been moved to the dungeons under the Keep.;;;;;;;;;;;;;x